{"cameraMode":{"drawMode":0,"name":"Shaded","section":"Shading Mode"},"sceneLighting":true,"audioPlay":false,"sceneViewState":{"m_AlwaysRefresh":false,"showFog":true,"showSkybox":true,"showFlares":true,"showImageEffects":true,"showParticleSystems":true,"showVisualEffectGraphs":true,"m_FxEnabled":true},"in2DMode":false,"pivot":{"x":0.5960366725921631,"y":-0.14341521263122559,"z":-0.49561095237731936},"rotation":{"x":-0.1222478374838829,"y":0.8363122940063477,"z":-0.20759561657905579,"w":-0.49248334765434267},"size":2.1073949337005617,"orthographic":false}