{"cameraMode":{"drawMode":0,"name":"Shaded","section":"Shading Mode"},"sceneLighting":false,"audioPlay":false,"sceneViewState":{"m_AlwaysRefresh":false,"showFog":true,"showSkybox":false,"showFlares":true,"showImageEffects":true,"showParticleSystems":true,"showVisualEffectGraphs":true,"m_FxEnabled":true},"in2DMode":false,"pivot":{"x":0.800000011920929,"y":1.3300000429153443,"z":6.757773399353027},"rotation":{"x":-0.019930263981223108,"y":0.9743783473968506,"z":-0.09560319036245346,"w":-0.20278507471084596},"size":0.8660253882408142,"orthographic":false}